{"initial_reset_timestamp": 1548429452.054454, "timestamps": [1548429455.7084424, 1548429459.184513, 1548429462.6630597, 1548429466.1661508, 1548429469.6629598, 1548429473.1432705, 1548429476.642587, 1548429480.1230211, 1548429483.6126807, 1548429487.0926273, 1548429490.612893, 1548429494.112736, 1548429497.6125994, 1548429501.0931182, 1548429504.593058, 1548429508.0728734, 1548429511.604373, 1548429515.103122, 1548429518.5930862, 1548429522.0932233, 1548429525.5884373, 1548429529.0734458, 1548429532.5331085, 1548429536.0234787, 1548429539.5034666, 1548429543.0242414, 1548429546.5244575, 1548429550.003163, 1548429553.5037389, 1548429556.9839587, 1548429560.4736714, 1548429563.952878, 1548429567.4344332, 1548429570.9342217, 1548429574.432918, 1548429577.9130473, 1548429581.4028907, 1548429584.8829424, 1548429587.903094, 1548429591.3844874, 1548429594.9332876, 1548429598.0626473, 1548429600.6030731, 1548429604.0632148, 1548429607.5331626, 1548429611.0125992, 1548429614.4925811, 1548429617.982789, 1548429621.4824476, 1548429624.9631572, 1548429627.379239, 1548429630.0592031, 1548429632.7284715, 1548429636.215962, 1548429639.7230983, 1548429643.2321942, 1548429646.2153196, 1548429649.6931374, 1548429652.614339, 1548429656.1232948, 1548429659.1234248, 1548429661.181029, 1548429664.5725377, 1548429667.4626594, 1548429670.9626153, 1548429674.4433558, 1548429677.5427282, 1548429679.822976, 1548429683.0228574, 1548429686.138367, 1548429688.7685394, 1548429690.4688628, 1548429692.5401134, 1548429694.6038527, 1548429696.6428745, 1548429698.774219, 1548429700.753938, 1548429702.3034115, 1548429703.9529004, 1548429705.7033644, 1548429707.7078505, 1548429709.3626647, 1548429711.3541632, 1548429713.3501182, 1548429715.225461, 1548429717.1054444, 1548429719.1174974, 1548429720.806865, 1548429722.8175702, 1548429724.8225448, 1548429726.804181, 1548429728.8043835, 1548429730.783231, 1548429732.7827864, 1548429734.5331004, 1548429736.1028802, 1548429738.088726, 1548429739.689157, 1548429741.689039, 1548429743.668427, 1548429745.6717198, 1548429747.6544702, 1548429749.5032215, 1548429751.0831356, 1548429753.0826106, 1548429755.0883043, 1548429756.7669437, 1548429758.7372196, 1548429760.7182868, 1548429762.287255, 1548429764.2877371, 1548429766.3876195, 1548429768.3829854, 1548429770.1118019, 1548429772.0995154, 1548429773.6802547, 1548429775.6641288, 1548429777.6778026, 1548429779.3212173, 1548429780.968192, 1548429783.0005865, 1548429784.9826622, 1548429786.6178048, 1548429788.5952837, 1548429790.2639809, 1548429791.8350437, 1548429793.8431327, 1548429795.7159665, 1548429797.6837533, 1548429799.6646218, 1548429801.6626363, 1548429803.6670263, 1548429805.658647, 1548429807.6500561, 1548429809.6447277, 1548429811.3572702, 1548429813.3486857, 1548429815.3094623, 1548429817.2986212, 1548429819.3087544, 1548429821.0747461, 1548429822.8391387, 1548429824.72991, 1548429826.7127366, 1548429828.7229853, 1548429830.73085, 1548429832.7129083, 1548429834.3324347, 1548429835.9645495, 1548429837.5668616, 1548429839.5425358, 1548429841.543327, 1548429843.543118, 1548429845.510327, 1548429847.513365, 1548429849.4935796, 1548429851.1787696, 1548429853.1440005, 1548429855.0036776, 1548429857.003682, 1548429859.0049906, 1548429860.578433, 1548429862.5729382, 1548429864.180662, 1548429866.1620882, 1548429867.889201, 1548429869.9095778, 1548429871.5287926, 1548429873.2446337, 1548429875.244193, 1548429877.2444682, 1548429879.2441692, 1548429880.791382, 1548429882.469073, 1548429884.143311], "episode_lengths": [200, 200, 200, 200, 200, 200, 200, 200, 200, 200, 200, 200, 200, 200, 200, 200, 200, 200, 200, 200, 200, 200, 200, 200, 200, 200, 200, 200, 200, 200, 200, 200, 200, 200, 200, 200, 200, 200, 171, 200, 200, 178, 143, 200, 200, 200, 200, 200, 200, 200, 137, 152, 151, 200, 200, 200, 169, 200, 165, 200, 171, 114, 195, 164, 200, 200, 177, 127, 183, 178, 148, 93, 116, 115, 113, 111, 110, 84, 90, 97, 111, 90, 111, 111, 103, 104, 112, 92, 112, 111, 110, 111, 110, 111, 97, 86, 111, 88, 112, 110, 111, 110, 103, 87, 110, 111, 91, 110, 110, 85, 111, 112, 111, 95, 110, 86, 111, 112, 89, 90, 112, 111, 89, 110, 90, 85, 111, 103, 110, 111, 111, 111, 111, 111, 111, 94, 111, 110, 110, 112, 97, 98, 104, 110, 112, 111, 111, 88, 89, 87, 111, 111, 111, 110, 111, 110, 92, 110, 103, 111, 111, 85, 111, 87, 111, 95, 112, 88, 95, 111, 111, 111, 84, 93, 91], "episode_rewards": [-200.0, -200.0, -200.0, -200.0, -200.0, -200.0, -200.0, -200.0, -200.0, -200.0, -200.0, -200.0, -200.0, -200.0, -200.0, -200.0, -200.0, -200.0, -200.0, -200.0, -200.0, -200.0, -200.0, -200.0, -200.0, -200.0, -200.0, -200.0, -200.0, -200.0, -200.0, -200.0, -200.0, -200.0, -200.0, -200.0, -200.0, -200.0, -171.0, -200.0, -200.0, -178.0, -143.0, -200.0, -200.0, -200.0, -200.0, -200.0, -200.0, -200.0, -137.0, -152.0, -151.0, -200.0, -200.0, -200.0, -169.0, -200.0, -165.0, -200.0, -171.0, -114.0, -195.0, -164.0, -200.0, -200.0, -177.0, -127.0, -183.0, -178.0, -148.0, -93.0, -116.0, -115.0, -113.0, -111.0, -110.0, -84.0, -90.0, -97.0, -111.0, -90.0, -111.0, -111.0, -103.0, -104.0, -112.0, -92.0, -112.0, -111.0, -110.0, -111.0, -110.0, -111.0, -97.0, -86.0, -111.0, -88.0, -112.0, -110.0, -111.0, -110.0, -103.0, -87.0, -110.0, -111.0, -91.0, -110.0, -110.0, -85.0, -111.0, -112.0, -111.0, -95.0, -110.0, -86.0, -111.0, -112.0, -89.0, -90.0, -112.0, -111.0, -89.0, -110.0, -90.0, -85.0, -111.0, -103.0, -110.0, -111.0, -111.0, -111.0, -111.0, -111.0, -111.0, -94.0, -111.0, -110.0, -110.0, -112.0, -97.0, -98.0, -104.0, -110.0, -112.0, -111.0, -111.0, -88.0, -89.0, -87.0, -111.0, -111.0, -111.0, -110.0, -111.0, -110.0, -92.0, -110.0, -103.0, -111.0, -111.0, -85.0, -111.0, -87.0, -111.0, -95.0, -112.0, -88.0, -95.0, -111.0, -111.0, -111.0, -84.0, -93.0, -91.0], "episode_types": ["t", "t", "t", "t", "t", "t", "t", "t", "t", "t", "t", "t", "t", "t", "t", "t", "t", "t", "t", "t", "t", "t", "t", "t", "t", "t", "t", "t", "t", "t", "t", "t", "t", "t", "t", "t", "t", "t", "t", "t", "t", "t", "t", "t", "t", "t", "t", "t", "t", "t", "t", "t", "t", "t", "t", "t", "t", "t", "t", "t", "t", "t", "t", "t", "t", "t", "t", "t", "t", "t", "t", "t", "t", "t", "t", "t", "t", "t", "t", "t", "t", "t", "t", "t", "t", "t", "t", "t", "t", "t", "t", "t", "t", "t", "t", "t", "t", "t", "t", "t", "t", "t", "t", "t", "t", "t", "t", "t", "t", "t", "t", "t", "t", "t", "t", "t", "t", "t", "t", "t", "t", "t", "t", "t", "t", "t", "t", "t", "t", "t", "t", "t", "t", "t", "t", "t", "t", "t", "t", "t", "t", "t", "t", "t", "t", "t", "t", "t", "t", "t", "t", "t", "t", "t", "t", "t", "t", "t", "t", "t", "t", "t", "t", "t", "t", "t", "t", "t", "t", "t", "t", "t", "t", "t", "t"]}